ID,name,email,registration_date
1,Ava Patel,ava.patel@example.com,2022-06-12
2,Liam Johnson,liam.johnson@example.com,2023-01-24
3,Olivia Smith,olivia.smith@example.com,2024-03-02
4,Noah Brown,noah.brown@example.com,2022-11-15
5,Emma Davis,emma.davis@example.com,2023-07-08
6,William Garcia,william.garcia@example.com,2021-12-30
7,Sophia Martinez,sophia.martinez@example.com,2024-09-20
8,James Miller,james.miller@example.com,2022-04-05
9,Isabella Wilson,isabella.wilson@example.com,2023-10-11
10,Michael Anderson,michael.anderson@example.com,2024-01-18
11,Mia Thomas,mia.thomas@example.com,2022-08-29
12,Alexander Taylor,alex.taylor@example.com,2023-05-14
13,Charlotte Moore,charlotte.moore@example.com,2024-06-30
14,Daniel Jackson,daniel.jackson@example.com,2021-09-10
15,Amelia White,amelia.white@example.com,2025-02-27
